Test,1,1
Test,1,2
Test,1,3
Test,1,4
Test,1,5
Test,1,6
Test,1,7
Test,1,8
Test,2,8
Test,3,8
Test2,1,0
Test2,2,0
Test Test,1,0
Test Test,2,0
Test Test,3,0
Test Test,4,0
Test Test,5,0
Test Test,6,0
Test Test,6,1
Test Test,6,2
Test Test,6,3
Test Test,6,4
Test Test,6,5
Test Test,6,6
Test Test,6,7
Test Test,6,8
Test Test,6,9
Test Test,6,10
Test Test,6,11
Test Test,6,12
Test2,2,1
Test2,2,2
Test Test,0,1
Test Test,0,2
Test Test,1,2
Test Test,2,2
Test Test,3,2
Test Test,4,2
Test Test,5,2
Test Test,6,2
Test Test,7,2
Test Test,8,2
Test Test,9,2
Test Test,10,2
Test Test,11,2
Test Test,12,2
Test Test,171,106
Test Test,171,107
Test Test,1,0
Test Test,0,1
ChristianDemo,1,0
ChristianDemo,1,0
ChristianDemo,0,1
ChristianDemo,0,1
